{
	"credit": "Made with Blockbench",
	"textures": {
		"0": "clipboard/clipboard",
		"1": "clipboard/page",
		"particle": "clipboard/clipboard"
	},
	"elements": [
		{
			"from": [3, 0.25, 0.25],
			"to": [13, 14.25, 0.3],
			"rotation": {"angle": 0, "axis": "y", "origin": [8, 6.59375, 9.0125]},
			"faces": {
				"north": {"uv": [8.5, 8.5, 13.5, 15.5], "texture": "#0"},
				"east": {"uv": [8.5, 8.5, 8.55, 15.5], "texture": "#0"},
				"south": {"uv": [0, 0, 11.42857, 16], "texture": "#1"},
				"west": {"uv": [8.5, 8.5, 8.55, 15.5], "texture": "#0"},
				"up": {"uv": [8.5, 8.5, 13.5, 8.55], "rotation": 180, "texture": "#0"},
				"down": {"uv": [8.5, 8.5, 13.5, 8.55], "rotation": 180, "texture": "#0"}
			}
		},
		{
			"from": [2.75, 0, 0],
			"to": [13.25, 15.25, 0.25],
			"rotation": {"angle": 0, "axis": "y", "origin": [8, 6.59375, 9.0125]},
			"faces": {
				"north": {"uv": [8.5, 0, 14, 7.75], "texture": "#0"},
				"east": {"uv": [8.5, 0, 8.75, 7.75], "texture": "#0"},
				"south": {"uv": [8.5, 0, 14, 7.75], "texture": "#0"},
				"west": {"uv": [8.5, 0, 8.75, 7.75], "texture": "#0"},
				"up": {"uv": [8.5, 0.5, 14, 0.75], "rotation": 180, "texture": "#0"},
				"down": {"uv": [8.5, 0.5, 14, 0.75], "rotation": 180, "texture": "#0"}
			}
		},
		{
			"from": [5.75, 14.75, 0.25],
			"to": [10.25, 15.5, 0.4],
			"rotation": {"angle": 0, "axis": "y", "origin": [8, 6.59375, 9.0125]},
			"faces": {
				"north": {"uv": [0.5, 0.5, 4, 1.25], "texture": "#0"},
				"east": {"uv": [0.5, 0.5, 0.65, 1.25], "texture": "#0"},
				"south": {"uv": [0.5, 0.5, 4, 1.25], "texture": "#0"},
				"west": {"uv": [0.5, 0.5, 0.65, 1.25], "texture": "#0"},
				"up": {"uv": [0.5, 0.5, 4, 0.65], "rotation": 180, "texture": "#0"},
				"down": {"uv": [0.5, 0.5, 4, 0.65], "rotation": 180, "texture": "#0"}
			}
		},
		{
			"from": [7, 15.25, 0.1],
			"to": [9, 16, 0.35],
			"rotation": {"angle": 0, "axis": "y", "origin": [8, 6.59375, 9.0125]},
			"faces": {
				"north": {"uv": [0.5, 0.5, 1.5, 1.25], "texture": "#0"},
				"east": {"uv": [0.5, 0.5, 0.75, 1.25], "texture": "#0"},
				"south": {"uv": [0.5, 0.5, 1.5, 1.25], "texture": "#0"},
				"west": {"uv": [0.5, 0.5, 0.75, 1.25], "texture": "#0"},
				"up": {"uv": [0.5, 0.5, 1.5, 0.75], "rotation": 180, "texture": "#0"},
				"down": {"uv": [0.5, 0.5, 1.5, 0.75], "rotation": 180, "texture": "#0"}
			}
		}
	],
	"display": {
		"thirdperson_righthand": {
			"translation": [0, 4, 4],
			"scale": [0.5, 0.5, 0.5]
		},
		"thirdperson_lefthand": {
			"translation": [0, 4, 4],
			"scale": [0.5, 0.5, 0.5]
		},
		"firstperson_righthand": {
			"rotation": [-10, 0, 0],
			"translation": [-1.5, 7.25, 7],
			"scale": [0.5, 0.5, 0.5]
		},
		"firstperson_lefthand": {
			"rotation": [-10, 0, 0],
			"translation": [-1.5, 7.25, 7],
			"scale": [0.5, 0.5, 0.5]
		},
		"ground": {
			"translation": [0, 0.75, 4],
			"scale": [0.5, 0.5, 0.5]
		},
		"gui": {
			"translation": [0.25, 0.25, 0]
		},
		"head": {
			"translation": [0, -8.25, 22.25],
			"scale": [2, 2, 2]
		},
		"fixed": {
			"rotation": [0, -180, 0],
			"translation": [0, 0.25, -8]
		}
	}
}