{
  "parent": "block/block",
  "elements": [
    {
      "from": [
        0,
        0,
        0
      ],
      "to": [
        16,
        16,
        16
      ],
      "faces": {
        "down": {
          "uv": [
            0,
            0,
            16,
            16
          ],
          "texture": "#base_down",
          "cullface": "down"
        },
        "up": {
          "uv": [
            0,
            0,
            16,
            16
          ],
          "texture": "#base_up",
          "cullface": "up"
        },
        "north": {
          "uv": [
            0,
            0,
            16,
            16
          ],
          "texture": "#base_north",
          "cullface": "north"
        },
        "south": {
          "uv": [
            0,
            0,
            16,
            16
          ],
          "texture": "#base_south",
          "cullface": "south"
        },
        "west": {
          "uv": [
            0,
            0,
            16,
            16
          ],
          "texture": "#base_west",
          "cullface": "west"
        },
        "east": {
          "uv": [
            0,
            0,
            16,
            16
          ],
          "texture": "#base_east",
          "cullface": "east"
        }
      }
    },
    {
      "from": [
        0,
        0,
        0
      ],
      "to": [
        16,
        16,
        16
      ],
      "faces": {
        "down": {
          "uv": [
            0,
            0,
            16,
            16
          ],
          "texture": "#overlay_down",
          "cullface": "down",
          "tintindex": 1
        },
        "up": {
          "uv": [
            0,
            0,
            16,
            16
          ],
          "texture": "#overlay_up",
          "cullface": "up",
          "tintindex": 1
        },
        "north": {
          "uv": [
            0,
            0,
            16,
            16
          ],
          "texture": "#overlay_north",
          "cullface": "north",
          "tintindex": 1
        },
        "south": {
          "uv": [
            0,
            0,
            16,
            16
          ],
          "texture": "#overlay_south",
          "cullface": "south",
          "tintindex": 1
        },
        "west": {
          "uv": [
            0,
            0,
            16,
            16
          ],
          "texture": "#overlay_west",
          "cullface": "west",
          "tintindex": 1
        },
        "east": {
          "uv": [
            0,
            0,
            16,
            16
          ],
          "texture": "#overlay_east",
          "cullface": "east",
          "tintindex": 1
        }
      }
    }
  ]
}
