{
	"credit": "Made with Blockbench",
	"textures": {
		"1": "minecraft:blocks/gravel",
		"2": "gregtech:blocks/stones/surface_rock_stone",
		"particle": "minecraft:blocks/gravel"
	},
	"elements": [
		{
			"from": [8, 0, 9],
			"to": [12, 1, 12],
			"faces": {
				"north": {"uv": [0, 0, 4, 1], "texture": "#1"},
				"east": {"uv": [3, 15, 6, 16], "texture": "#1"},
				"south": {"uv": [0, 0, 4, 1], "texture": "#1"},
				"west": {"uv": [0, 0, 3, 1], "texture": "#1"},
				"up": {"uv": [0, 0, 4, 3], "texture": "#1"},
				"down": {"uv": [0, 0, 4, 3], "texture": "#1"}
			}
		},
		{
			"from": [4, 0, 8],
			"to": [8, 1, 11],
			"faces": {
				"north": {"uv": [0, 0, 4, 1], "texture": "#1"},
				"east": {"uv": [4, 15, 7, 16], "texture": "#1"},
				"south": {"uv": [0, 0, 4, 1], "texture": "#1"},
				"west": {"uv": [0, 0, 3, 1], "texture": "#1"},
				"up": {"uv": [4, 4, 8, 7], "texture": "#1"},
				"down": {"uv": [0, 0, 4, 3], "texture": "#1"}
			}
		},
		{
			"from": [9, 0, 4],
			"to": [11, 1, 9],
			"faces": {
				"north": {"uv": [0, 0, 2, 1], "texture": "#1"},
				"east": {"uv": [7, 15, 12, 16], "texture": "#1"},
				"south": {"uv": [0, 0, 2, 1], "texture": "#1"},
				"west": {"uv": [0, 0, 5, 1], "texture": "#1"},
				"up": {"uv": [0, 1, 2, 6], "texture": "#1"},
				"down": {"uv": [0, 0, 2, 5], "texture": "#1"}
			}
		},
		{
			"from": [5, 0, 3],
			"to": [9, 1, 8],
			"faces": {
				"north": {"uv": [0, 0, 4, 1], "texture": "#1"},
				"east": {"uv": [8, 15, 13, 16], "texture": "#1"},
				"south": {"uv": [0, 0, 4, 1], "texture": "#1"},
				"west": {"uv": [0, 0, 5, 1], "texture": "#1"},
				"up": {"uv": [1, 9, 5, 14], "texture": "#1"},
				"down": {"uv": [0, 0, 4, 5], "texture": "#1"}
			}
		},
		{
			"from": [9, 1, 7],
			"to": [12, 2, 10],
			"faces": {
				"north": {"uv": [0, 0, 3, 1], "texture": "#1"},
				"east": {"uv": [6, 14, 9, 15], "texture": "#1"},
				"south": {"uv": [0, 0, 3, 1], "texture": "#1"},
				"west": {"uv": [0, 0, 3, 1], "texture": "#1"},
				"up": {"uv": [9, 1, 12, 4], "texture": "#1"},
				"down": {"uv": [0, 0, 3, 3], "texture": "#1"}
			}
		},
		{
			"from": [6, 1, 7],
			"to": [9, 2, 10],
			"faces": {
				"north": {"uv": [0, 0, 3, 1], "texture": "#1"},
				"east": {"uv": [6, 14, 9, 15], "texture": "#1"},
				"south": {"uv": [0, 0, 3, 1], "texture": "#1"},
				"west": {"uv": [0, 0, 3, 1], "texture": "#1"},
				"up": {"uv": [9, 3, 12, 6], "texture": "#1"},
				"down": {"uv": [0, 0, 3, 3], "texture": "#1"}
			}
		},
		{
			"from": [7, 1, 4],
			"to": [9, 2, 7],
			"faces": {
				"north": {"uv": [0, 0, 2, 1], "texture": "#1"},
				"east": {"uv": [9, 14, 12, 15], "texture": "#1"},
				"south": {"uv": [0, 0, 2, 1], "texture": "#1"},
				"west": {"uv": [0, 0, 3, 1], "texture": "#1"},
				"up": {"uv": [4, 6, 6, 9], "texture": "#1"},
				"down": {"uv": [0, 0, 2, 3], "texture": "#1"}
			}
		},
		{
			"from": [9, 1, 5],
			"to": [11, 2, 7],
			"faces": {
				"north": {"uv": [0, 0, 2, 1], "texture": "#1"},
				"east": {"uv": [9, 14, 11, 15], "texture": "#1"},
				"south": {"uv": [0, 0, 2, 1], "texture": "#1"},
				"west": {"uv": [0, 0, 2, 1], "texture": "#1"},
				"up": {"uv": [13, 10, 15, 12], "texture": "#1"},
				"down": {"uv": [0, 0, 2, 2], "texture": "#1"}
			}
		},
		{
			"from": [5, 0, 11],
			"to": [7, 1, 12],
			"faces": {
				"north": {"uv": [0, 0, 2, 1], "texture": "#1"},
				"east": {"uv": [3, 15, 4, 16], "texture": "#1"},
				"south": {"uv": [0, 0, 2, 1], "texture": "#1"},
				"west": {"uv": [0, 0, 1, 1], "texture": "#1"},
				"up": {"uv": [5, 12, 7, 13], "texture": "#1"},
				"down": {"uv": [0, 0, 2, 1], "texture": "#1"}
			}
		},
		{
			"from": [9, 0, 12],
			"to": [11, 1, 13],
			"faces": {
				"north": {"uv": [0, 0, 2, 1], "texture": "#1"},
				"east": {"uv": [3, 15, 4, 16], "texture": "#1"},
				"south": {"uv": [0, 0, 2, 1], "texture": "#1"},
				"west": {"uv": [0, 0, 1, 1], "texture": "#1"},
				"up": {"uv": [5, 12, 7, 13], "texture": "#1"},
				"down": {"uv": [0, 0, 2, 1], "texture": "#1"}
			}
		},
		{
			"from": [2, 0, 13],
			"to": [4, 1, 14],
			"faces": {
				"north": {"uv": [0, 0, 2, 1], "texture": "#1"},
				"east": {"uv": [3, 15, 4, 16], "texture": "#1"},
				"south": {"uv": [0, 0, 2, 1], "texture": "#1"},
				"west": {"uv": [0, 0, 1, 1], "texture": "#1"},
				"up": {"uv": [5, 12, 7, 13], "texture": "#1"},
				"down": {"uv": [0, 0, 2, 1], "texture": "#1"}
			}
		},
		{
			"from": [4, 0, 4],
			"to": [5, 1, 6],
			"faces": {
				"north": {"uv": [3, 15, 4, 16], "texture": "#1"},
				"east": {"uv": [0, 0, 2, 1], "texture": "#1"},
				"south": {"uv": [0, 0, 1, 1], "texture": "#1"},
				"west": {"uv": [0, 0, 2, 1], "texture": "#1"},
				"up": {"uv": [5, 12, 7, 13], "rotation": 270, "texture": "#1"},
				"down": {"uv": [0, 0, 2, 1], "rotation": 90, "texture": "#1"}
			}
		},
		{
			"from": [6, 1, 4],
			"to": [7, 2, 5],
			"faces": {
				"north": {"uv": [3, 15, 4, 16], "texture": "#1"},
				"east": {"uv": [0, 0, 1, 1], "texture": "#1"},
				"south": {"uv": [0, 0, 1, 1], "texture": "#1"},
				"west": {"uv": [0, 0, 1, 1], "texture": "#1"},
				"up": {"uv": [5, 12, 6, 13], "rotation": 270, "texture": "#1"},
				"down": {"uv": [0, 0, 1, 1], "rotation": 90, "texture": "#1"}
			}
		},
		{
			"from": [8, 2, 6],
			"to": [9, 3, 7],
			"faces": {
				"north": {"uv": [3, 15, 4, 16], "texture": "#1"},
				"east": {"uv": [0, 0, 1, 1], "texture": "#1"},
				"south": {"uv": [0, 0, 1, 1], "texture": "#1"},
				"west": {"uv": [0, 0, 1, 1], "texture": "#1"},
				"up": {"uv": [5, 12, 6, 13], "rotation": 270, "texture": "#1"},
				"down": {"uv": [0, 0, 1, 1], "rotation": 90, "texture": "#1"}
			}
		},
		{
			"from": [7, 0, 11],
			"to": [8, 1, 12],
			"faces": {
				"north": {"uv": [3, 15, 4, 16], "texture": "#1"},
				"east": {"uv": [0, 0, 1, 1], "texture": "#1"},
				"south": {"uv": [0, 0, 1, 1], "texture": "#1"},
				"west": {"uv": [0, 0, 1, 1], "texture": "#1"},
				"up": {"uv": [5, 12, 6, 13], "rotation": 270, "texture": "#1"},
				"down": {"uv": [0, 0, 1, 1], "rotation": 90, "texture": "#1"}
			}
		},
		{
			"from": [6, 0, 12],
			"to": [7, 1, 13],
			"faces": {
				"north": {"uv": [3, 15, 4, 16], "texture": "#1"},
				"east": {"uv": [0, 0, 1, 1], "texture": "#1"},
				"south": {"uv": [0, 0, 1, 1], "texture": "#1"},
				"west": {"uv": [0, 0, 1, 1], "texture": "#1"},
				"up": {"uv": [5, 12, 6, 13], "rotation": 270, "texture": "#1"},
				"down": {"uv": [0, 0, 1, 1], "rotation": 90, "texture": "#1"}
			}
		},
		{
			"from": [2, 0, 7],
			"to": [3, 1, 8],
			"faces": {
				"north": {"uv": [3, 15, 4, 16], "texture": "#1"},
				"east": {"uv": [0, 0, 1, 1], "texture": "#1"},
				"south": {"uv": [0, 0, 1, 1], "texture": "#1"},
				"west": {"uv": [0, 0, 1, 1], "texture": "#1"},
				"up": {"uv": [5, 12, 6, 13], "rotation": 270, "texture": "#1"},
				"down": {"uv": [0, 0, 1, 1], "rotation": 90, "texture": "#1"}
			}
		},
		{
			"from": [11, 0, 2],
			"to": [12, 1, 3],
			"faces": {
				"north": {"uv": [3, 15, 4, 16], "texture": "#1"},
				"east": {"uv": [0, 0, 1, 1], "texture": "#1"},
				"south": {"uv": [0, 0, 1, 1], "texture": "#1"},
				"west": {"uv": [0, 0, 1, 1], "texture": "#1"},
				"up": {"uv": [5, 12, 6, 13], "rotation": 270, "texture": "#1"},
				"down": {"uv": [0, 0, 1, 1], "rotation": 90, "texture": "#1"}
			}
		},
		{
			"from": [12, 0, 6],
			"to": [13, 1, 7],
			"faces": {
				"north": {"uv": [3, 15, 4, 16], "texture": "#1"},
				"east": {"uv": [0, 0, 1, 1], "texture": "#1"},
				"south": {"uv": [0, 0, 1, 1], "texture": "#1"},
				"west": {"uv": [0, 0, 1, 1], "texture": "#1"},
				"up": {"uv": [5, 12, 6, 13], "rotation": 270, "texture": "#1"},
				"down": {"uv": [0, 0, 1, 1], "rotation": 90, "texture": "#1"}
			}
		},
		{
			"from": [13, 0, 3],
			"to": [14, 1, 5],
			"faces": {
				"north": {"uv": [3, 15, 4, 16], "texture": "#1"},
				"east": {"uv": [0, 0, 2, 1], "texture": "#1"},
				"south": {"uv": [0, 0, 1, 1], "texture": "#1"},
				"west": {"uv": [0, 0, 2, 1], "texture": "#1"},
				"up": {"uv": [5, 12, 7, 13], "rotation": 270, "texture": "#1"},
				"down": {"uv": [0, 0, 2, 1], "rotation": 90, "texture": "#1"}
			}
		},
		{
			"from": [12, 0, 8],
			"to": [13, 1, 10],
			"faces": {
				"north": {"uv": [0, 0, 1, 1], "texture": "#1"},
				"east": {"uv": [6, 15, 8, 16], "texture": "#1"},
				"south": {"uv": [0, 0, 1, 1], "texture": "#1"},
				"west": {"uv": [0, 0, 2, 1], "texture": "#1"},
				"up": {"uv": [5, 12, 6, 14], "texture": "#1"},
				"down": {"uv": [0, 0, 1, 2], "texture": "#1"}
			}
		},
		{
			"from": [11, 0, 6],
			"to": [12, 1, 9],
			"faces": {
				"north": {"uv": [0, 0, 1, 1], "texture": "#1"},
				"east": {"uv": [6, 15, 9, 16], "texture": "#1"},
				"south": {"uv": [0, 0, 1, 1], "texture": "#1"},
				"west": {"uv": [0, 0, 3, 1], "texture": "#1"},
				"up": {"uv": [5, 12, 6, 15], "texture": "#1"},
				"down": {"uv": [0, 0, 1, 3], "texture": "#1"}
			}
		},
		{
			"from": [8, 1, 10],
			"to": [10, 2, 11],
			"faces": {
				"north": {"uv": [0, 0, 3, 1], "texture": "#1"},
				"east": {"uv": [5, 14, 6, 15], "texture": "#1"},
				"south": {"uv": [0, 0, 3, 1], "texture": "#1"},
				"west": {"uv": [0, 0, 1, 1], "texture": "#1"},
				"up": {"uv": [13, 10, 16, 11], "texture": "#1"},
				"down": {"uv": [0, 0, 3, 1], "texture": "#1"}
			}
		},
		{
			"from": [7, 2, 6],
			"to": [8, 3, 8],
			"faces": {
				"north": {"uv": [0, 0, 1, 1], "texture": "#1"},
				"east": {"uv": [8, 13, 10, 14], "texture": "#1"},
				"south": {"uv": [0, 0, 1, 1], "texture": "#1"},
				"west": {"uv": [0, 0, 2, 1], "texture": "#1"},
				"up": {"uv": [12, 9, 13, 11], "texture": "#1"},
				"down": {"uv": [0, 0, 1, 2], "texture": "#1"}
			}
		},
		{
			"from": [9, 1, 11],
			"to": [11, 2, 12],
			"faces": {
				"north": {"uv": [0, 0, 2, 1], "texture": "#1"},
				"east": {"uv": [4, 14, 5, 15], "texture": "#1"},
				"south": {"uv": [0, 0, 2, 1], "texture": "#1"},
				"west": {"uv": [0, 0, 1, 1], "texture": "#1"},
				"up": {"uv": [13, 10, 15, 11], "texture": "#1"},
				"down": {"uv": [0, 0, 2, 1], "texture": "#1"}
			}
		},
		{
			"from": [8, 2, 8],
			"to": [10, 3, 9],
			"faces": {
				"north": {"uv": [0, 0, 2, 1], "texture": "#1"},
				"east": {"uv": [7, 13, 8, 14], "texture": "#1"},
				"south": {"uv": [0, 0, 2, 1], "texture": "#1"},
				"west": {"uv": [0, 0, 1, 1], "texture": "#1"},
				"up": {"uv": [5, 10, 7, 11], "texture": "#1"},
				"down": {"uv": [0, 0, 2, 1], "texture": "#1"}
			}
		},
		{
			"name": "ore_bit",
			"from": [4, 0, 2],
			"to": [5, 1, 3],
			"faces": {
				"north": {"uv": [0, 0, 2, 2], "texture": "#2", "tintindex": 1},
				"east": {"uv": [0, 0, 2, 2], "texture": "#2", "tintindex": 1},
				"south": {"uv": [0, 0, 2, 2], "texture": "#2", "tintindex": 1},
				"west": {"uv": [0, 0, 2, 2], "texture": "#2", "tintindex": 1},
				"up": {"uv": [0, 0, 2, 2], "texture": "#2", "tintindex": 1},
				"down": {"uv": [0, 0, 2, 2], "texture": "#2", "tintindex": 1}
			}
		},
		{
			"name": "ore_bit",
			"from": [11, 0, 5],
			"to": [12, 1, 6],
			"faces": {
				"north": {"uv": [0, 0, 2, 2], "texture": "#2", "tintindex": 1},
				"east": {"uv": [0, 0, 2, 2], "texture": "#2", "tintindex": 1},
				"south": {"uv": [0, 0, 2, 2], "texture": "#2", "tintindex": 1},
				"west": {"uv": [0, 0, 2, 2], "texture": "#2", "tintindex": 1},
				"up": {"uv": [0, 0, 2, 2], "texture": "#2", "tintindex": 1},
				"down": {"uv": [0, 0, 2, 2], "texture": "#2", "tintindex": 1}
			}
		},
		{
			"name": "ore_bit",
			"from": [8, 2, 7],
			"to": [9, 3, 8],
			"faces": {
				"north": {"uv": [0, 0, 2, 2], "texture": "#2", "tintindex": 1},
				"east": {"uv": [0, 0, 2, 2], "texture": "#2", "tintindex": 1},
				"south": {"uv": [0, 0, 2, 2], "texture": "#2", "tintindex": 1},
				"west": {"uv": [0, 0, 2, 2], "texture": "#2", "tintindex": 1},
				"up": {"uv": [0, 0, 2, 2], "texture": "#2", "tintindex": 1},
				"down": {"uv": [0, 0, 2, 2], "texture": "#2", "tintindex": 1}
			}
		},
		{
			"name": "ore_bit",
			"from": [9, 2, 10],
			"to": [10, 3, 11],
			"faces": {
				"north": {"uv": [0, 0, 2, 2], "texture": "#2", "tintindex": 1},
				"east": {"uv": [0, 0, 2, 2], "texture": "#2", "tintindex": 1},
				"south": {"uv": [0, 0, 2, 2], "texture": "#2", "tintindex": 1},
				"west": {"uv": [0, 0, 2, 2], "texture": "#2", "tintindex": 1},
				"up": {"uv": [0, 0, 2, 2], "texture": "#2", "tintindex": 1},
				"down": {"uv": [0, 0, 2, 2], "texture": "#2", "tintindex": 1}
			}
		},
		{
			"name": "ore_bit",
			"from": [10, 1, 10],
			"to": [11, 2, 11],
			"faces": {
				"north": {"uv": [0, 0, 2, 2], "texture": "#2", "tintindex": 1},
				"east": {"uv": [0, 0, 2, 2], "texture": "#2", "tintindex": 1},
				"south": {"uv": [0, 0, 2, 2], "texture": "#2", "tintindex": 1},
				"west": {"uv": [0, 0, 2, 2], "texture": "#2", "tintindex": 1},
				"up": {"uv": [0, 0, 2, 2], "texture": "#2", "tintindex": 1},
				"down": {"uv": [0, 0, 2, 2], "texture": "#2", "tintindex": 1}
			}
		},
		{
			"name": "ore_bit",
			"from": [14, 0, 12],
			"to": [15, 1, 13],
			"faces": {
				"north": {"uv": [0, 0, 2, 2], "texture": "#2", "tintindex": 1},
				"east": {"uv": [0, 0, 2, 2], "texture": "#2", "tintindex": 1},
				"south": {"uv": [0, 0, 2, 2], "texture": "#2", "tintindex": 1},
				"west": {"uv": [0, 0, 2, 2], "texture": "#2", "tintindex": 1},
				"up": {"uv": [0, 0, 2, 2], "texture": "#2", "tintindex": 1},
				"down": {"uv": [0, 0, 2, 2], "texture": "#2", "tintindex": 1}
			}
		},
		{
			"name": "ore_bit",
			"from": [5, 0, 12],
			"to": [6, 1, 13],
			"faces": {
				"north": {"uv": [0, 0, 2, 2], "texture": "#2", "tintindex": 1},
				"east": {"uv": [0, 0, 2, 2], "texture": "#2", "tintindex": 1},
				"south": {"uv": [0, 0, 2, 2], "texture": "#2", "tintindex": 1},
				"west": {"uv": [0, 0, 2, 2], "texture": "#2", "tintindex": 1},
				"up": {"uv": [0, 0, 2, 2], "texture": "#2", "tintindex": 1},
				"down": {"uv": [0, 0, 2, 2], "texture": "#2", "tintindex": 1}
			}
		},
		{
			"name": "ore_bit",
			"from": [6, 1, 10],
			"to": [7, 2, 11],
			"faces": {
				"north": {"uv": [0, 0, 2, 2], "texture": "#2", "tintindex": 1},
				"east": {"uv": [0, 0, 2, 2], "texture": "#2", "tintindex": 1},
				"south": {"uv": [0, 0, 2, 2], "texture": "#2", "tintindex": 1},
				"west": {"uv": [0, 0, 2, 2], "texture": "#2", "tintindex": 1},
				"up": {"uv": [0, 0, 2, 2], "texture": "#2", "tintindex": 1},
				"down": {"uv": [0, 0, 2, 2], "texture": "#2", "tintindex": 1}
			}
		},
		{
			"name": "ore_bit",
			"from": [5, 1, 5],
			"to": [6, 2, 6],
			"faces": {
				"north": {"uv": [0, 0, 2, 2], "texture": "#2", "tintindex": 1},
				"east": {"uv": [0, 0, 2, 2], "texture": "#2", "tintindex": 1},
				"south": {"uv": [0, 0, 2, 2], "texture": "#2", "tintindex": 1},
				"west": {"uv": [0, 0, 2, 2], "texture": "#2", "tintindex": 1},
				"up": {"uv": [0, 0, 2, 2], "texture": "#2", "tintindex": 1},
				"down": {"uv": [0, 0, 2, 2], "texture": "#2", "tintindex": 1}
			}
		},
		{
			"name": "ore_bit",
			"from": [6, 1, 5],
			"to": [7, 2, 7],
			"faces": {
				"north": {"uv": [0, 0, 2, 2], "texture": "#2", "tintindex": 1},
				"east": {"uv": [0, 0, 2, 2], "texture": "#2", "tintindex": 1},
				"south": {"uv": [0, 0, 2, 2], "texture": "#2", "tintindex": 1},
				"west": {"uv": [0, 0, 2, 2], "texture": "#2", "tintindex": 1},
				"up": {"uv": [0, 0, 2, 2], "texture": "#2", "tintindex": 1},
				"down": {"uv": [0, 0, 2, 2], "texture": "#2", "tintindex": 1}
			}
		},
		{
			"name": "ore_bit",
			"from": [12, 0, 7],
			"to": [13, 1, 8],
			"faces": {
				"north": {"uv": [0, 0, 2, 2], "texture": "#2", "tintindex": 1},
				"east": {"uv": [0, 0, 2, 2], "texture": "#2", "tintindex": 1},
				"south": {"uv": [0, 0, 2, 2], "texture": "#2", "tintindex": 1},
				"west": {"uv": [0, 0, 2, 2], "texture": "#2", "tintindex": 1},
				"up": {"uv": [0, 0, 2, 2], "texture": "#2", "tintindex": 1},
				"down": {"uv": [0, 0, 2, 2], "texture": "#2", "tintindex": 1}
			}
		}
	]
}
