{
  "textures": {
    "particle": "gregtech:blocks/wood/treated/planks_treated",
    "texture": "gregtech:blocks/wood/treated/planks_treated"
  },
  "elements": [
    {
      "from": [ 0, 0, 0 ],
      "to": [ 16, 8, 16 ],
      "faces": {
        "north": { "uv": [ 8, 0, 16, 16 ], "rotation": 270, "texture": "#texture", "cullface": "north" },
        "east": { "uv": [ 8, 0, 16, 16 ], "rotation": 270, "texture": "#texture", "cullface": "east" },
        "south": { "uv": [ 8, 0, 16, 16 ], "rotation": 270, "texture": "#texture", "cullface": "south" },
        "west": { "uv": [ 8, 0, 16, 16 ], "rotation": 270, "texture": "#texture", "cullface": "west" },
        "up": { "uv": [ 0, 0, 16, 16 ], "texture": "#texture" },
        "down": { "uv": [ 0, 0, 16, 16 ], "texture": "#texture", "cullface": "down" }
      }
    },
    {
      "from": [ 8, 8, 0 ],
      "to": [ 16, 16, 16 ],
      "faces": {
        "north": { "uv": [ 0, 8, 8, 16 ], "rotation": 270, "texture": "#texture", "cullface": "north" },
        "east": { "uv": [ 0, 0, 8, 16 ], "rotation": 270, "texture": "#texture", "cullface": "east" },
        "south": { "uv": [ 0, 0, 8, 8 ], "rotation": 270, "texture": "#texture", "cullface": "south" },
        "west": { "uv": [ 0, 0, 8, 16 ], "rotation": 270, "texture": "#texture" },
        "up": { "uv": [ 8, 0, 16, 16 ], "texture": "#texture", "cullface": "up" }
      }
    },
    {
      "from": [ 0, 8, 8 ],
      "to": [ 8, 16, 16 ],
      "faces": {
        "north": { "uv": [ 0, 0, 8, 8 ], "rotation": 270, "texture": "#texture" },
        "south": { "uv": [ 0, 8, 8, 16 ], "rotation": 270, "texture": "#texture", "cullface": "south" },
        "west": { "uv": [ 0, 0, 8, 8 ], "rotation": 270, "texture": "#texture", "cullface": "west" },
        "up": { "uv": [ 0, 8, 8, 16 ], "texture": "#texture", "cullface": "up" }
      }
    }
  ]
}
