{
  "textures": {
    "sides": "appliedenergistics2:parts/import_bus_sides",
    "sidesStatus": "appliedenergistics2:parts/monitor_sides_status",
    "back": "appliedenergistics2:parts/monitor_back",
    "front": "appliedenergistics2:items/part/import_bus",
    "particle": "appliedenergistics2:parts/monitor_back"
  },
  "elements": [
    {
      "from": [4, 4, 0],
      "to": [12, 12, 2],
      "faces": {
        "down": {
          "texture": "#sides"
        },
        "up": {
          "texture": "#sides"
        },
        "south": {
          "texture": "#back"
        },
        "east": {
          "texture": "#sides"
        },
        "north": {
          "texture": "#front"
        },
        "west": {
          "texture": "#sides"
        }
      }
    },
    {
      "from": [5, 5, 2],
      "to": [11, 11, 3],
      "faces": {
        "down": {
          "texture": "#sides"
        },
        "up": {
          "texture": "#sides"
        },
        "south": {
          "texture": "#back"
        },
        "east": {
          "texture": "#sides"
        },
        "north": {
          "texture": "#front"
        },
        "west": {
          "texture": "#sides"
        }
      }
    },
    {
      "from": [6, 6, 3],
      "to": [10, 10, 4],
      "faces": {
        "down": {
          "texture": "#sides"
        },
        "up": {
          "texture": "#sides"
        },
        "south": {
          "texture": "#back"
        },
        "east": {
          "texture": "#sides"
        },
        "north": {
          "texture": "#front"
        },
        "west": {
          "texture": "#sides"
        }
      }
    },
    {
      "from": [6, 6, 4],
      "to": [10, 10, 5],
      "faces": {
        "down": {
          "texture": "#sidesStatus"
        },
        "up": {
          "texture": "#sidesStatus"
        },
        "south": {
          "texture": "#back"
        },
        "east": {
          "texture": "#sidesStatus"
        },
        "west": {
          "texture": "#sidesStatus"
        }
      }
    }
  ]
}
