{
  "forge_marker": 1,
  "defaults": {
    "model": "minecraft:cube_all"
  },
  "variants": {
    "variant": {
      "plascrete": {
        "textures": {
          "all": "gregtech:blocks/casings/cleanroom/plascrete"
        }
      },
      "filter_casing": {
        "textures": {
          "all": "gregtech:blocks/casings/cleanroom/filter_casing"
        }
      },
      "filter_casing_sterile": {
        "textures": {
          "all": "gregtech:blocks/casings/cleanroom/filter_casing_sterile"
        }
      }
    }
  }
}
