{
  "forge_marker": 1,
  "defaults": {
    "model": "gregtech:cube_bottom_top_tintindex",
    "textures": {
      "bottom": "gregtech:blocks/rendering_error",
      "top": "gregtech:blocks/rendering_error",
      "side": "gregtech:blocks/rendering_error"
    }
  },
  "variants": {
    "variant": {
      "ultra_low_voltage": {
        "textures": {
          "bottom": "gregtech:blocks/casings/voltage/ulv/bottom",
          "top": "gregtech:blocks/casings/voltage/ulv/top",
          "side": "gregtech:blocks/casings/voltage/ulv/side"
        }
      },
      "low_voltage": {
        "textures": {
          "bottom": "gregtech:blocks/casings/voltage/lv/bottom",
          "top": "gregtech:blocks/casings/voltage/lv/top",
          "side": "gregtech:blocks/casings/voltage/lv/side"
        }
      },
      "medium_voltage": {
        "textures": {
          "bottom": "gregtech:blocks/casings/voltage/mv/bottom",
          "top": "gregtech:blocks/casings/voltage/mv/top",
          "side": "gregtech:blocks/casings/voltage/mv/side"
        }
      },
      "high_voltage": {
        "textures": {
          "bottom": "gregtech:blocks/casings/voltage/hv/bottom",
          "top": "gregtech:blocks/casings/voltage/hv/top",
          "side": "gregtech:blocks/casings/voltage/hv/side"
        }
      },
      "extreme_voltage": {
        "textures": {
          "bottom": "gregtech:blocks/casings/voltage/ev/bottom",
          "top": "gregtech:blocks/casings/voltage/ev/top",
          "side": "gregtech:blocks/casings/voltage/ev/side"
        }
      },
      "insane_voltage": {
        "textures": {
          "bottom": "gregtech:blocks/casings/voltage/iv/bottom",
          "top": "gregtech:blocks/casings/voltage/iv/top",
          "side": "gregtech:blocks/casings/voltage/iv/side"
        }
      },
      "ludicrous_voltage": {
        "textures": {
          "bottom": "gregtech:blocks/casings/voltage/luv/bottom",
          "top": "gregtech:blocks/casings/voltage/luv/top",
          "side": "gregtech:blocks/casings/voltage/luv/side"
        }
      },
      "zpm_voltage": {
        "textures": {
          "bottom": "gregtech:blocks/casings/voltage/zpm/bottom",
          "top": "gregtech:blocks/casings/voltage/zpm/top",
          "side": "gregtech:blocks/casings/voltage/zpm/side"
        }
      },
      "ultimate_voltage": {
        "textures": {
          "bottom": "gregtech:blocks/casings/voltage/uv/bottom",
          "top": "gregtech:blocks/casings/voltage/uv/top",
          "side": "gregtech:blocks/casings/voltage/uv/side"
        }
      },
      "ultra_high_voltage": {
        "textures": {
          "bottom": "gregtech:blocks/casings/voltage/uhv/bottom",
          "top": "gregtech:blocks/casings/voltage/uhv/top",
          "side": "gregtech:blocks/casings/voltage/uhv/side"
        }
      },
      "ultra_excessive_voltage": {
        "textures": {
          "bottom": "gregtech:blocks/casings/voltage/uev/bottom",
          "top": "gregtech:blocks/casings/voltage/uev/top",
          "side": "gregtech:blocks/casings/voltage/uev/side"
        }
      },
      "ultra_immense_voltage": {
        "textures": {
          "bottom": "gregtech:blocks/casings/voltage/uiv/bottom",
          "top": "gregtech:blocks/casings/voltage/uiv/top",
          "side": "gregtech:blocks/casings/voltage/uiv/side"
        }
      },
      "ultra_extreme_voltage": {
        "textures": {
          "bottom": "gregtech:blocks/casings/voltage/uxv/bottom",
          "top": "gregtech:blocks/casings/voltage/uxv/top",
          "side": "gregtech:blocks/casings/voltage/uxv/side"
        }
      },
      "overpowered_voltage": {
        "textures": {
          "bottom": "gregtech:blocks/casings/voltage/opv/bottom",
          "top": "gregtech:blocks/casings/voltage/opv/top",
          "side": "gregtech:blocks/casings/voltage/opv/side"
        }
      },
      "maximum_voltage": {
        "textures": {
          "bottom": "gregtech:blocks/casings/voltage/max/bottom",
          "top": "gregtech:blocks/casings/voltage/max/top",
          "side": "gregtech:blocks/casings/voltage/max/side"
        }
      }
    }
  }
}
