{
  "forge_marker": 1,
  "defaults": {
    "model": "minecraft:cube_all"
  },
  "variants": {
    "variant": {
      "bronze_bricks": {
        "textures": {
          "all": "gregtech:blocks/casings/solid/machine_bronze_plated_bricks"
        }
      },
      "primitive_bricks": {
        "textures": {
          "all": "gregtech:blocks/casings/solid/machine_primitive_bricks"
        }
      },
      "coke_bricks": {
        "textures": {
          "all": "gregtech:blocks/casings/solid/machine_coke_bricks"
        }
      },
      "invar_heatproof": {
        "textures": {
          "all": "gregtech:blocks/casings/solid/machine_casing_heatproof"
        }
      },
      "aluminium_frostproof": {
        "textures": {
          "all": "gregtech:blocks/casings/solid/machine_casing_frost_proof"
        }
      },
      "steel_solid": {
        "textures": {
          "all": "gregtech:blocks/casings/solid/machine_casing_solid_steel"
        }
      },
      "stainless_clean": {
        "textures": {
          "all": "gregtech:blocks/casings/solid/machine_casing_clean_stainless_steel"
        }
      },
      "titanium_stable": {
        "textures": {
          "all": "gregtech:blocks/casings/solid/machine_casing_stable_titanium"
        }
      },
      "tungstensteel_robust": {
        "textures": {
          "all": "gregtech:blocks/casings/solid/machine_casing_robust_tungstensteel"
        }
      },
      "ptfe_inert": {
        "textures": {
          "all": "gregtech:blocks/casings/solid/machine_casing_inert_ptfe"
        }
      },
      "hsse_sturdy": {
        "textures": {
          "all": "gregtech:blocks/casings/solid/machine_casing_sturdy_hsse"
        }
      },
      "palladium_substation": {
        "textures": {
          "all": "gregtech:blocks/casings/solid/machine_casing_palladium_substation"
        }
      }
    }
  }
}
