{
  "forge_marker": 1,
  "variants": {
    "active=false,variant=bronze_bricks": {
      "model": "minecraft:cube_all",
      "textures": {
        "all": "gregtech:blocks/rendering_error"
      }
    },
    "active=true,variant=bronze_bricks": {
      "model": "minecraft:cube_all",
      "textures": {
        "all": "gregtech:blocks/rendering_error"
      }
    },
    "active=false,variant=engine_intake": {
      "model": "minecraft:cube_all",
      "textures": {
        "all": "gregtech:blocks/casings/pipe/machine_casing_engine_intake"
      }
    },
    "active=true,variant=engine_intake": {
      "model": "minecraft:cube_all",
      "textures": {
        "all": "gregtech:blocks/casings/pipe/machine_casing_engine_intake_active"
      }
    },
    "active=false,variant=extreme_engine_intake": {
      "model": "minecraft:cube_all",
      "textures": {
        "all": "gregtech:blocks/casings/pipe/machine_casing_extreme_engine_intake"
      }
    },
    "active=true,variant=extreme_engine_intake": {
      "model": "minecraft:cube_all",
      "textures": {
        "all": "gregtech:blocks/casings/pipe/machine_casing_extreme_engine_intake_active"
      }
    },
    "active=false,variant=grate": {
      "model": "minecraft:cube_all",
      "textures": {
        "all": "gregtech:blocks/casings/pipe/machine_casing_grate"
      }
    },
    "active=true,variant=grate": {
      "model": "minecraft:cube_all",
      "textures": {
        "all": "gregtech:blocks/casings/pipe/machine_casing_grate"
      }
    },
    "active=false,variant=assembly_control": {
      "model": "minecraft:cube_all",
      "textures": {
        "all": "gregtech:blocks/casings/mechanic/machine_casing_assembly_control"
      }
    },
    "active=true,variant=assembly_control": {
      "model": "minecraft:cube_all",
      "textures": {
        "all": "gregtech:blocks/casings/mechanic/machine_casing_assembly_control"
      }
    },
    "active=false,variant=assembly_line": {
      "model": "minecraft:cube_all",
      "textures": {
        "all": "gregtech:blocks/casings/mechanic/machine_casing_assembly_line"
      }
    },
    "active=true,variant=assembly_line": {
      "model": "gregtech:cube_2_layer_all",
      "textures": {
        "bot_all": "gregtech:blocks/casings/mechanic/machine_casing_assembly_line",
        "top_all": "gregtech:blocks/casings/mechanic/machine_casing_assembly_line_bloom"
      }
    }
  }
}
