{
  "forge_marker": 1,
  "defaults": {
    "textures": {
      "bottom": "gregtech:blocks/wood/rubber/planks_rubber",
      "top": "gregtech:blocks/wood/rubber/planks_rubber",
      "side": "gregtech:blocks/wood/rubber/planks_rubber"
    },
    "uvlock": true
  },
  "variants": {
    "facing=east,half=bottom,shape=straight": { "model": "stairs" },
    "facing=west,half=bottom,shape=straight": { "model": "stairs", "y": 180 },
    "facing=south,half=bottom,shape=straight": { "model": "stairs", "y": 90 },
    "facing=north,half=bottom,shape=straight": { "model": "stairs", "y": 270 },
    "facing=east,half=bottom,shape=outer_right": { "model": "outer_stairs" },
    "facing=west,half=bottom,shape=outer_right": { "model": "outer_stairs", "y": 180 },
    "facing=south,half=bottom,shape=outer_right": { "model": "outer_stairs", "y": 90 },
    "facing=north,half=bottom,shape=outer_right": { "model": "outer_stairs", "y": 270 },
    "facing=east,half=bottom,shape=outer_left": { "model": "outer_stairs", "y": 270 },
    "facing=west,half=bottom,shape=outer_left": { "model": "outer_stairs", "y": 90 },
    "facing=south,half=bottom,shape=outer_left": { "model": "outer_stairs" },
    "facing=north,half=bottom,shape=outer_left": { "model": "outer_stairs", "y": 180 },
    "facing=east,half=bottom,shape=inner_right": { "model": "inner_stairs" },
    "facing=west,half=bottom,shape=inner_right": { "model": "inner_stairs", "y": 180 },
    "facing=south,half=bottom,shape=inner_right": { "model": "inner_stairs", "y": 90 },
    "facing=north,half=bottom,shape=inner_right": { "model": "inner_stairs", "y": 270 },
    "facing=east,half=bottom,shape=inner_left": { "model": "inner_stairs", "y": 270 },
    "facing=west,half=bottom,shape=inner_left": { "model": "inner_stairs", "y": 90 },
    "facing=south,half=bottom,shape=inner_left": { "model": "inner_stairs" },
    "facing=north,half=bottom,shape=inner_left": { "model": "inner_stairs", "y": 180 },
    "facing=east,half=top,shape=straight": { "model": "stairs", "x": 180 },
    "facing=west,half=top,shape=straight": { "model": "stairs", "x": 180, "y": 180 },
    "facing=south,half=top,shape=straight": { "model": "stairs", "x": 180, "y": 90 },
    "facing=north,half=top,shape=straight": { "model": "stairs", "x": 180, "y": 270 },
    "facing=east,half=top,shape=outer_right": { "model": "outer_stairs", "x": 180, "y": 90 },
    "facing=west,half=top,shape=outer_right": { "model": "outer_stairs", "x": 180, "y": 270 },
    "facing=south,half=top,shape=outer_right": { "model": "outer_stairs", "x": 180, "y": 180 },
    "facing=north,half=top,shape=outer_right": { "model": "outer_stairs", "x": 180 },
    "facing=east,half=top,shape=outer_left": { "model": "outer_stairs", "x": 180 },
    "facing=west,half=top,shape=outer_left": { "model": "outer_stairs", "x": 180, "y": 180 },
    "facing=south,half=top,shape=outer_left": { "model": "outer_stairs", "x": 180, "y": 90 },
    "facing=north,half=top,shape=outer_left": { "model": "outer_stairs", "x": 180, "y": 270 },
    "facing=east,half=top,shape=inner_right": { "model": "inner_stairs", "x": 180, "y": 90 },
    "facing=west,half=top,shape=inner_right": { "model": "inner_stairs", "x": 180, "y": 270 },
    "facing=south,half=top,shape=inner_right": { "model": "inner_stairs", "x": 180, "y": 180 },
    "facing=north,half=top,shape=inner_right": { "model": "inner_stairs", "x": 180 },
    "facing=east,half=top,shape=inner_left": { "model": "inner_stairs", "x": 180 },
    "facing=west,half=top,shape=inner_left": { "model": "inner_stairs", "x": 180, "y": 180 },
    "facing=south,half=top,shape=inner_left": { "model": "inner_stairs", "x": 180, "y": 90 },
    "facing=north,half=top,shape=inner_left": { "model": "inner_stairs", "x": 180, "y": 270 }
  }
}