{
  "forge_marker": 1,
  "defaults": {
    "model": "minecraft:cube_all"
  },
  "variants": {
    "variant": {
      "black_granite": {
        "textures": {
          "all": "gregtech:blocks/stones/black_granite/black_granite_cobble"
        }
      },
      "red_granite": {
        "textures": {
          "all": "gregtech:blocks/stones/red_granite/red_granite_cobble"
        }
      },
      "marble": {
        "textures": {
          "all": "gregtech:blocks/stones/marble/marble_cobble"
        }
      },
      "basalt": {
        "textures": {
          "all": "gregtech:blocks/stones/basalt/basalt_cobble"
        }
      },
      "concrete_light": {
        "textures": {
          "all": "gregtech:blocks/stones/concrete_light/concrete_light_cobble"
        }
      },
      "concrete_dark": {
        "textures": {
          "all": "gregtech:blocks/stones/concrete_dark/concrete_dark_cobble"
        }
      }
    }
  }
}
