{
  "forge_marker" : 1,
  "defaults": {
    "model" : "minecraft:cube_all"
  },
  "variants" : {
    "variant" : {
      "white" : {
        "textures" : {
          "all" : "gregtech:blocks/decoration/studs_white"
        }
      },
      "orange" : {
        "textures" : {
          "all" : "gregtech:blocks/decoration/studs_orange"
        }
      },
      "magenta" : {
        "textures" : {
          "all" : "gregtech:blocks/decoration/studs_magenta"
        }
      },
      "light_blue" : {
        "textures" : {
          "all" : "gregtech:blocks/decoration/studs_light_blue"
        }
      },
      "yellow" : {
        "textures" : {
          "all" : "gregtech:blocks/decoration/studs_yellow"
        }
      },
      "lime" : {
        "textures" : {
          "all" : "gregtech:blocks/decoration/studs_lime"
        }
      },
      "pink" : {
        "textures" : {
          "all" : "gregtech:blocks/decoration/studs_pink"
        }
      },
      "gray" : {
        "textures" : {
          "all" : "gregtech:blocks/decoration/studs_gray"
        }
      },
      "silver" : {
        "textures" : {
          "all" : "gregtech:blocks/decoration/studs_light_gray"
        }
      },
      "cyan" : {
        "textures" : {
          "all" : "gregtech:blocks/decoration/studs_cyan"
        }
      },
      "purple" : {
        "textures" : {
          "all" : "gregtech:blocks/decoration/studs_purple"
        }
      },
      "blue" : {
        "textures" : {
          "all" : "gregtech:blocks/decoration/studs_blue"
        }
      },
      "brown" : {
        "textures" : {
          "all" : "gregtech:blocks/decoration/studs_brown"
        }
      },
      "green" : {
        "textures" : {
          "all" : "gregtech:blocks/decoration/studs_green"
        }
      },
      "red" : {
        "textures" : {
          "all" : "gregtech:blocks/decoration/studs_red"
        }
      },
      "black" : {
        "textures" : {
          "all" : "gregtech:blocks/decoration/studs_black"
        }
      }
    }
  }
}
