{
  "forge_marker": 1,
  "variants": {
    "active=false,variant=tempered_glass": {
      "model": "minecraft:cube_all",
      "ambientocclusion": false,
      "textures": {
        "all": "gregtech:blocks/casings/transparent/tempered_glass"
      }
    },
    "active=true,variant=tempered_glass": {
      "model": "minecraft:cube_all",
      "ambientocclusion": false,
      "textures": {
        "all": "gregtech:blocks/casings/transparent/tempered_glass"
      }
    },
    "active=false,variant=laminated_glass": {
      "model": "minecraft:cube_all",
      "ambientocclusion": false,
      "textures": {
        "all": "gregtech:blocks/casings/transparent/laminated_glass"
      }
    },
    "active=true,variant=laminated_glass": {
      "model": "minecraft:cube_all",
      "ambientocclusion": false,
      "textures": {
        "all": "gregtech:blocks/casings/transparent/laminated_glass"
      }
    },
    "active=false,variant=fusion_glass": {
      "model": "minecraft:cube_all",
      "textures": {
        "all": "gregtech:blocks/casings/transparent/fusion_glass"
      }
    },
    "active=true,variant=fusion_glass": {
      "model": "gregtech:cube_2_layer_all",
      "textures": {
        "bot_all": "gregtech:blocks/casings/transparent/fusion_glass",
        "top_all": "gregtech:blocks/casings/fusion/machine_casing_fusion_bloom"
      }
    },
    "active=false,variant=cleanroom_glass": {
      "model": "minecraft:cube_all",
      "textures": {
        "all": "gregtech:blocks/casings/transparent/cleanroom_glass"
      }
    },
    "active=true,variant=cleanroom_glass": {
      "model": "minecraft:cube_all",
      "textures": {
        "all": "gregtech:blocks/casings/transparent/cleanroom_glass"
      }
    }
  }
}
