{
  "forge_marker": 1,
  "defaults": {
    "model": "minecraft:cube_all"
  },
  "variants": {
    "variant": {
      "yellow_stripes": {
        "textures": {
          "all": "gregtech:blocks/casings/signs/machine_casing_stripes_a"
        }
      },
      "small_yellow_stripes": {
        "textures": {
          "all": "gregtech:blocks/casings/signs/machine_casing_stripes_b"
        }
      },
      "radioactive_hazard": {
        "textures": {
          "all": "gregtech:blocks/casings/signs/machine_casing_radioactivehazard"
        }
      },
      "bio_hazard": {
        "textures": {
          "all": "gregtech:blocks/casings/signs/machine_casing_biohazard"
        }
      },
      "explosion_hazard": {
        "textures": {
          "all": "gregtech:blocks/casings/signs/machine_casing_explosionhazard"
        }
      },
      "fire_hazard": {
        "textures": {
          "all": "gregtech:blocks/casings/signs/machine_casing_firehazard"
        }
      },
      "acid_hazard": {
        "textures": {
          "all": "gregtech:blocks/casings/signs/machine_casing_acidhazard"
        }
      },
      "magic_hazard": {
        "textures": {
          "all": "gregtech:blocks/casings/signs/machine_casing_magichazard"
        }
      },
      "frost_hazard": {
        "textures": {
          "all": "gregtech:blocks/casings/signs/machine_casing_frosthazard"
        }
      },
      "noise_hazard": {
        "textures": {
          "all": "gregtech:blocks/casings/signs/machine_casing_noisehazard"
        }
      },
      "generic_hazard": {
        "textures": {
          "all": "gregtech:blocks/casings/signs/machine_casing_generichazard"
        }
      },
      "high_voltage_hazard": {
        "textures": {
          "all": "gregtech:blocks/casings/signs/machine_casing_highvoltagehazard"
        }
      },
      "magnetic_hazard": {
        "textures": {
          "all": "gregtech:blocks/casings/signs/machine_casing_magneticfieldhazard"
        }
      },
      "antimatter_hazard": {
        "textures": {
          "all": "gregtech:blocks/casings/signs/machine_casing_antimatterhazard"
        }
      },
      "high_temperature_hazard": {
        "textures": {
          "all": "gregtech:blocks/casings/signs/machine_casing_hightemperaturehazard"
        }
      },
      "void_hazard": {
        "textures": {
          "all": "gregtech:blocks/casings/signs/machine_casing_voidhazard"
        }
      }
    }
  }
}
