{
  "forge_marker": 1,
  "variants": {
    "active=false,variant=awakened_draconium": {
      "model": "minecraft:cube_all",
      "textures": {
        "all": "gregtech:blocks/casings/coils/machine_coil_awakened_draconium"
      }
    },
    "active=true,variant=awakened_draconium": {
      "model": "gregtech:cube_2_layer_all",
      "textures": {
        "bot_all": "gregtech:blocks/casings/coils/machine_coil_awakened_draconium",
        "top_all":"gregtech:blocks/casings/coils/machine_coil_awakened_draconium_bloom"
      }
    },
    "active=false,variant=adamantite": {
      "model": "minecraft:cube_all",
      "textures": {
        "all": "gregtech:blocks/casings/coils/machine_coil_adamantite"
      }
    },
    "active=true,variant=adamantite": {
      "model": "gregtech:cube_2_layer_all",
      "textures": {
        "bot_all": "gregtech:blocks/casings/coils/machine_coil_adamantite",
        "top_all":"gregtech:blocks/casings/coils/machine_coil_adamantite_bloom"
      }
    },
    "active=false,variant=luminite": {
      "model": "minecraft:cube_all",
      "textures": {
        "all": "gregtech:blocks/casings/coils/machine_coil_luminite"
      }
    },
    "active=true,variant=luminite": {
      "model": "gregtech:cube_2_layer_all",
      "textures": {
        "bot_all": "gregtech:blocks/casings/coils/machine_coil_luminite",
        "top_all":"gregtech:blocks/casings/coils/machine_coil_luminite_bloom"
      }
    },
    "active=false,variant=legendarite": {
      "model": "minecraft:cube_all",
      "textures": {
        "all": "gregtech:blocks/casings/coils/machine_coil_legendarite"
      }
    },
    "active=true,variant=legendarite": {
      "model": "gregtech:cube_2_layer_all",
      "textures": {
        "bot_all": "gregtech:blocks/casings/coils/machine_coil_legendarite",
        "top_all":"gregtech:blocks/casings/coils/machine_coil_legendarite_bloom"
      }
    },
    "active=false,variant=taranium": {
      "model": "minecraft:cube_all",
      "textures": {
        "all": "gregtech:blocks/casings/coils/machine_coil_taranium"
      }
    },
    "active=true,variant=taranium": {
      "model": "gregtech:cube_2_layer_all",
      "textures": {
        "bot_all": "gregtech:blocks/casings/coils/machine_coil_taranium",
        "top_all":"gregtech:blocks/casings/coils/machine_coil_taranium_bloom"
      }
    },
    "active=false,variant=superconductor": {
      "model": "minecraft:cube_all",
      "textures": {
        "all": "gregtech:blocks/casings/coils/machine_coil_superconductor"
      }
    },
    "active=true,variant=superconductor": {
      "model": "gregtech:cube_2_layer_all",
      "textures": {
        "bot_all": "gregtech:blocks/casings/coils/machine_coil_superconductor",
        "top_all":"gregtech:blocks/casings/coils/machine_coil_superconductor_bloom"
      }
    }
  }
}
